Sub_ID,Sess_Day,Attn_Dep,Hemifield,Sweep,Pre,Post,NL_ID
0.0,1.0,1.0,0.0,0.0,0.14427458049645903,0.09788008502260555,2651.0
0.0,1.0,1.0,0.0,1.0,0.3386025693926123,0.28747831994982204,2651.0
0.0,1.0,1.0,0.0,2.0,0.5748619797724828,0.574029566680414,2651.0
0.0,1.0,1.0,0.0,3.0,0.8298480853960437,0.7993204882959835,2651.0
0.0,1.0,1.0,0.0,4.0,1.0,0.9548224475415835,2651.0
0.0,1.0,1.0,0.0,5.0,0.9446290788221003,0.8811027696668978,2651.0
0.0,2.0,0.0,0.0,0.0,0.15604507377364057,0.0857954925972051,2651.0
0.0,2.0,0.0,0.0,1.0,0.3312011729007463,0.27795233976547595,2651.0
0.0,2.0,0.0,0.0,2.0,0.5858172511346609,0.5669751949974853,2651.0
0.0,2.0,0.0,0.0,3.0,0.844885848479748,0.8012813777817149,2651.0
0.0,2.0,0.0,0.0,4.0,1.0,0.9606399085730332,2651.0
0.0,2.0,0.0,0.0,5.0,0.9693959742385908,0.8883538740395919,2651.0
1.0,1.0,1.0,0.0,0.0,0.1962950130461582,0.6360464690046332,2652.0
1.0,1.0,1.0,0.0,1.0,0.5748302973548626,0.7321865114955103,2652.0
1.0,1.0,1.0,0.0,2.0,0.8825967425851705,0.9140335558467929,2652.0
1.0,1.0,1.0,0.0,3.0,1.0,0.9823495135791454,2652.0
1.0,1.0,1.0,0.0,4.0,0.7653486056065756,0.5097704387268415,2652.0
1.0,1.0,1.0,0.0,5.0,0.700240876755172,0.6085089366345285,2652.0
1.0,2.0,0.0,0.0,0.0,0.353150262788169,0.27581704118966877,2652.0
1.0,2.0,0.0,0.0,1.0,0.6347093212835497,0.6097645596357938,2652.0
1.0,2.0,0.0,0.0,2.0,0.8698955318063266,0.8378943156165741,2652.0
1.0,2.0,0.0,0.0,3.0,1.0,0.9247786009974955,2652.0
1.0,2.0,0.0,0.0,4.0,0.9464258852830044,0.7761970932234555,2652.0
1.0,2.0,0.0,0.0,5.0,0.7835494234868818,0.6194185795699457,2652.0
2.0,1.0,1.0,0.0,0.0,0.1183580135019466,0.2354786048607497,2653.0
2.0,1.0,1.0,0.0,1.0,0.4116516574274394,0.43024893504503664,2653.0
2.0,1.0,1.0,0.0,2.0,0.6347050299898064,0.5874643324014139,2653.0
2.0,1.0,1.0,0.0,3.0,0.8011211831809852,0.8301535304583572,2653.0
2.0,1.0,1.0,0.0,4.0,0.8580965644413561,0.9204950774090451,2653.0
2.0,1.0,1.0,0.0,5.0,1.0,1.0480199062519238,2653.0
2.0,2.0,0.0,0.0,0.0,0.18048876659608898,0.2522072591392702,2653.0
2.0,2.0,0.0,0.0,1.0,0.5175951550358984,0.5146187114731311,2653.0
2.0,2.0,0.0,0.0,2.0,0.8018497505409021,0.9278662060711768,2653.0
2.0,2.0,0.0,0.0,3.0,0.8389294936317843,1.1645271083462698,2653.0
2.0,2.0,0.0,0.0,4.0,1.0,1.1878151045649317,2653.0
2.0,2.0,0.0,0.0,5.0,0.9891005315617721,1.2174470144654284,2653.0
3.0,1.0,1.0,0.0,0.0,0.20828175675029728,0.1866423869432162,2654.0
3.0,1.0,1.0,0.0,1.0,0.43731432312696844,0.4375803501534929,2654.0
3.0,1.0,1.0,0.0,2.0,0.6513550164518259,0.684038738076488,2654.0
3.0,1.0,1.0,0.0,3.0,0.9326457295439052,0.8915927451118881,2654.0
3.0,1.0,1.0,0.0,4.0,1.0,0.9315476358132598,2654.0
3.0,1.0,1.0,0.0,5.0,0.9048864701114155,0.9285352167355577,2654.0
3.0,2.0,0.0,0.0,0.0,0.18457685002600122,0.18421368758983456,2654.0
3.0,2.0,0.0,0.0,1.0,0.3771465457379257,0.4169457270806511,2654.0
3.0,2.0,0.0,0.0,2.0,0.5875158422425611,0.556428400603058,2654.0
3.0,2.0,0.0,0.0,3.0,0.8508070300856504,0.8564237884153311,2654.0
3.0,2.0,0.0,0.0,4.0,1.0,0.8517847423380861,2654.0
3.0,2.0,0.0,0.0,5.0,0.9419231996268772,0.737257103912193,2654.0
4.0,1.0,1.0,0.0,0.0,0.1653242930051712,0.10528620476670981,2655.0
4.0,1.0,1.0,0.0,1.0,0.3169483850333184,0.2925382873113401,2655.0
4.0,1.0,1.0,0.0,2.0,0.6185614529058652,0.5434390533851763,2655.0
4.0,1.0,1.0,0.0,3.0,0.7642493849743184,0.7469192941463451,2655.0
4.0,1.0,1.0,0.0,4.0,0.9221641375812978,0.8280273586727551,2655.0
4.0,1.0,1.0,0.0,5.0,1.0,0.8967719635316554,2655.0
4.0,2.0,0.0,0.0,0.0,0.13635793184723835,0.17143805269216367,2655.0
4.0,2.0,0.0,0.0,1.0,0.30953293472057003,0.36906652814438273,2655.0
4.0,2.0,0.0,0.0,2.0,0.4915168869029604,0.6209014984315012,2655.0
4.0,2.0,0.0,0.0,3.0,0.7272602408993181,0.9255914775210479,2655.0
4.0,2.0,0.0,0.0,4.0,0.8619111302107,1.0641508350386442,2655.0
4.0,2.0,0.0,0.0,5.0,1.0,1.2153393794204115,2655.0
5.0,1.0,1.0,0.0,0.0,0.2353575132915333,0.19397285937222647,2657.0
5.0,1.0,1.0,0.0,1.0,0.3877504929822573,0.5038007370269613,2657.0
5.0,1.0,1.0,0.0,2.0,0.6865902049746185,0.7737542302724058,2657.0
5.0,1.0,1.0,0.0,3.0,0.8869825812957309,1.1575060507621415,2657.0
5.0,1.0,1.0,0.0,4.0,0.9751348770746181,1.1452667142899737,2657.0
5.0,1.0,1.0,0.0,5.0,1.0,1.1922715073635246,2657.0
5.0,2.0,0.0,0.0,0.0,0.13859473922246926,0.26782554352690924,2657.0
5.0,2.0,0.0,0.0,1.0,0.5482643187485031,0.5439728744637189,2657.0
5.0,2.0,0.0,0.0,2.0,0.8294038448288957,0.9716552245459225,2657.0
5.0,2.0,0.0,0.0,3.0,1.0,1.2764604078485924,2657.0
5.0,2.0,0.0,0.0,4.0,0.9050237274783023,1.2993222692324753,2657.0
5.0,2.0,0.0,0.0,5.0,0.9117436875080656,1.3158565693637438,2657.0
6.0,1.0,1.0,0.0,0.0,0.1998754771893861,0.20879676110172019,2658.0
6.0,1.0,1.0,0.0,1.0,0.4290271288842178,0.42085209014892333,2658.0
6.0,1.0,1.0,0.0,2.0,0.6008659938918512,0.6419505366502564,2658.0
6.0,1.0,1.0,0.0,3.0,0.9113766798516217,0.8489234208215738,2658.0
6.0,1.0,1.0,0.0,4.0,1.0,1.0040031371643778,2658.0
6.0,1.0,1.0,0.0,5.0,0.9227266755585328,1.0050762569791267,2658.0
6.0,2.0,0.0,0.0,0.0,0.21798928966219708,0.4911161139193632,2658.0
6.0,2.0,0.0,0.0,1.0,0.5055891005045753,0.5884215551760434,2658.0
6.0,2.0,0.0,0.0,2.0,0.6625255139476783,0.7225578082417117,2658.0
6.0,2.0,0.0,0.0,3.0,0.9321496307253799,0.9586567984826659,2658.0
6.0,2.0,0.0,0.0,4.0,1.0,1.2595719863585895,2658.0
6.0,2.0,0.0,0.0,5.0,0.9701406380012438,1.1356108604581114,2658.0
7.0,1.0,1.0,0.0,0.0,0.4743540569362963,0.36408679010084083,2659.0
7.0,1.0,1.0,0.0,1.0,0.710227402425294,0.7304661274044414,2659.0
7.0,1.0,1.0,0.0,2.0,0.9109435579593151,1.0103607044408152,2659.0
7.0,1.0,1.0,0.0,3.0,1.0,1.2543978525477364,2659.0
7.0,1.0,1.0,0.0,4.0,0.916311381473852,1.287810333691325,2659.0
7.0,1.0,1.0,0.0,5.0,0.9514565574614423,1.1465086714890702,2659.0
7.0,2.0,0.0,0.0,0.0,0.34945769076672745,0.29067987272452245,2659.0
7.0,2.0,0.0,0.0,1.0,0.6214268240623495,0.5711997823460594,2659.0
7.0,2.0,0.0,0.0,2.0,0.9003192256772521,0.8860830745394117,2659.0
7.0,2.0,0.0,0.0,3.0,1.0,1.017433028563512,2659.0
7.0,2.0,0.0,0.0,4.0,0.8986484115336075,0.9737129893222004,2659.0
7.0,2.0,0.0,0.0,5.0,0.9159625443948153,0.8001514020569218,2659.0
8.0,1.0,1.0,0.0,0.0,0.13269429573301114,0.15255018332632636,2660.0
8.0,1.0,1.0,0.0,1.0,0.31694406997769264,0.3407123007614874,2660.0
8.0,1.0,1.0,0.0,2.0,0.4881719967278931,0.5009136045589114,2660.0
8.0,1.0,1.0,0.0,3.0,0.587076349162406,0.585134927730192,2660.0
8.0,1.0,1.0,0.0,4.0,0.6934343478545019,0.7255158149245273,2660.0
8.0,1.0,1.0,0.0,5.0,1.0,0.9239031915665717,2660.0
9.0,2.0,1.0,0.0,0.0,0.2503709369665319,0.6534313667686024,2661.0
9.0,2.0,1.0,0.0,1.0,0.3805259198992454,0.7473906422285904,2661.0
9.0,2.0,1.0,0.0,2.0,0.6501898738357282,1.0117717674346667,2661.0
9.0,2.0,1.0,0.0,3.0,0.6263013933941517,0.8581941945496621,2661.0
9.0,2.0,1.0,0.0,4.0,0.738045495932243,0.95170964968945,2661.0
9.0,2.0,1.0,0.0,5.0,1.0,1.0913034024005008,2661.0
9.0,1.0,0.0,0.0,0.0,0.37271971606336957,0.9680507512925552,2661.0
9.0,1.0,0.0,0.0,1.0,0.8194622890996018,0.6212424559588745,2661.0
9.0,1.0,0.0,0.0,2.0,0.8674390507013137,0.6083174848502131,2661.0
9.0,1.0,0.0,0.0,3.0,0.9872811587938768,0.9700494165722862,2661.0
9.0,1.0,0.0,0.0,4.0,1.0,0.7581981803042809,2661.0
9.0,1.0,0.0,0.0,5.0,0.9727828309217448,1.14705419380716,2661.0
10.0,2.0,0.0,0.0,0.0,0.39848370194266075,0.40149225369126684,2663.0
10.0,2.0,0.0,0.0,1.0,0.633590036499475,0.632806163396749,2663.0
10.0,2.0,0.0,0.0,2.0,0.71687431198752,0.7953283190509631,2663.0
10.0,2.0,0.0,0.0,3.0,0.664860814681888,0.7614832581886721,2663.0
10.0,2.0,0.0,0.0,4.0,0.5784260984819455,0.5059516052018025,2663.0
10.0,2.0,0.0,0.0,5.0,1.0,0.41698788105256496,2663.0
10.0,1.0,0.0,0.0,0.0,0.4174978029777234,0.5237544673752325,2663.0
10.0,1.0,0.0,0.0,1.0,0.8067013980607576,1.0898341316608104,2663.0
10.0,1.0,0.0,0.0,2.0,1.0,1.0784980611993362,2663.0
10.0,1.0,0.0,0.0,3.0,0.8531415896351194,1.026451173757002,2663.0
10.0,1.0,0.0,0.0,4.0,0.6628945571162599,0.9082031778040703,2663.0
10.0,1.0,0.0,0.0,5.0,0.8200848756317564,1.1511519325267763,2663.0
11.0,2.0,1.0,0.0,0.0,0.23055158066382878,0.30355973451286317,2664.0
11.0,2.0,1.0,0.0,1.0,0.5874756198907344,0.6656308944255054,2664.0
11.0,2.0,1.0,0.0,2.0,0.8692689680630503,1.1496175036222116,2664.0
11.0,2.0,1.0,0.0,3.0,1.0,1.3198605918289597,2664.0
11.0,2.0,1.0,0.0,4.0,0.9852388303303611,1.287561691229127,2664.0
11.0,2.0,1.0,0.0,5.0,0.861524255450028,1.3024576733756683,2664.0
11.0,1.0,0.0,0.0,0.0,0.2816257602843992,0.2280498725122236,2664.0
11.0,1.0,0.0,0.0,1.0,0.5884851767259625,0.5935935922191584,2664.0
11.0,1.0,0.0,0.0,2.0,0.8936910549425381,0.9816864160882202,2664.0
11.0,1.0,0.0,0.0,3.0,1.0,1.1059462485357157,2664.0
11.0,1.0,0.0,0.0,4.0,0.9459580813524284,0.998684466798744,2664.0
11.0,1.0,0.0,0.0,5.0,0.9757269798051234,0.9680206412613523,2664.0
12.0,2.0,1.0,0.0,0.0,0.4525050472065755,0.3362663126363858,2665.0
12.0,2.0,1.0,0.0,1.0,0.8179314626179415,0.7122490511797178,2665.0
12.0,2.0,1.0,0.0,2.0,1.0,0.950593534256094,2665.0
12.0,2.0,1.0,0.0,3.0,0.9203436010238275,0.9662380364277724,2665.0
12.0,2.0,1.0,0.0,4.0,0.8014641288512242,0.8093123036717108,2665.0
12.0,2.0,1.0,0.0,5.0,0.9820948062670652,0.8596016274972248,2665.0
12.0,1.0,0.0,0.0,0.0,0.4367009514466439,0.3392647095280218,2665.0
12.0,1.0,0.0,0.0,1.0,0.7355211491200828,0.6134783916091509,2665.0
12.0,1.0,0.0,0.0,2.0,0.8354426467840542,0.8722024605039841,2665.0
12.0,1.0,0.0,0.0,3.0,0.7519979743157386,0.7992334348364774,2665.0
12.0,1.0,0.0,0.0,4.0,0.7769184771744369,0.7234343187785992,2665.0
12.0,1.0,0.0,0.0,5.0,1.0,0.8669903478004479,2665.0
13.0,2.0,1.0,0.0,0.0,0.28793379321691176,0.3909936498782548,2666.0
13.0,2.0,1.0,0.0,1.0,0.43547379601274844,0.5091814154953418,2666.0
13.0,2.0,1.0,0.0,2.0,0.5698716810331605,0.6335730791034435,2666.0
13.0,2.0,1.0,0.0,3.0,0.841088161819591,0.893369619884899,2666.0
13.0,2.0,1.0,0.0,4.0,0.9603778084717947,1.066015183245178,2666.0
13.0,2.0,1.0,0.0,5.0,1.0,1.1260315346996612,2666.0
13.0,1.0,0.0,0.0,0.0,0.21456093085699937,0.17494650210101273,2666.0
13.0,1.0,0.0,0.0,1.0,0.41090364231955423,0.32902796792839384,2666.0
13.0,1.0,0.0,0.0,2.0,0.5726685798064045,0.5566540118730045,2666.0
13.0,1.0,0.0,0.0,3.0,0.8831869699435015,0.9264198752983226,2666.0
13.0,1.0,0.0,0.0,4.0,0.9581728188014232,0.9893687991807916,2666.0
13.0,1.0,0.0,0.0,5.0,1.0,0.8940540486477769,2666.0
14.0,2.0,1.0,0.0,0.0,0.2887954722892496,0.2704753852919427,2667.0
14.0,2.0,1.0,0.0,1.0,0.5002918927260828,0.4800018807185241,2667.0
14.0,2.0,1.0,0.0,2.0,0.685709841078136,0.7559624696579035,2667.0
14.0,2.0,1.0,0.0,3.0,0.9568125462139907,1.0087921760884635,2667.0
14.0,2.0,1.0,0.0,4.0,1.0,1.0089704781003062,2667.0
14.0,2.0,1.0,0.0,5.0,0.8018094114050659,0.8527148800518322,2667.0
14.0,1.0,0.0,0.0,0.0,0.3519510415622013,0.27461590274463965,2667.0
14.0,1.0,0.0,0.0,1.0,0.5220040481509591,0.5794189629267879,2667.0
14.0,1.0,0.0,0.0,2.0,0.7719708096031421,0.8185768102746891,2667.0
14.0,1.0,0.0,0.0,3.0,0.9960389458853989,1.0988958206268655,2667.0
14.0,1.0,0.0,0.0,4.0,1.0,1.0792927898191684,2667.0
14.0,1.0,0.0,0.0,5.0,0.8788252856992214,0.9172606696684912,2667.0
15.0,2.0,1.0,0.0,0.0,0.23651966829617188,0.14496383413012642,2668.0
15.0,2.0,1.0,0.0,1.0,0.42702045892171836,0.41627735950112144,2668.0
15.0,2.0,1.0,0.0,2.0,0.5280116244400047,0.5657873068707959,2668.0
15.0,2.0,1.0,0.0,3.0,0.7210636231017361,0.7237009819098666,2668.0
15.0,2.0,1.0,0.0,4.0,0.948865930838938,0.8526930941157866,2668.0
15.0,2.0,1.0,0.0,5.0,1.0,0.8221488067465396,2668.0
15.0,1.0,0.0,0.0,0.0,0.23521277938738322,0.21141722737948243,2668.0
15.0,1.0,0.0,0.0,1.0,0.3666374894906656,0.4173380895870623,2668.0
15.0,1.0,0.0,0.0,2.0,0.5393468830579132,0.579957690191524,2668.0
15.0,1.0,0.0,0.0,3.0,0.6951965454867676,0.7599195049698384,2668.0
15.0,1.0,0.0,0.0,4.0,0.8088426086862623,0.8711392763106666,2668.0
15.0,1.0,0.0,0.0,5.0,1.0,0.907921753687965,2668.0
16.0,1.0,0.0,0.0,0.0,0.6035064154463131,0.5458461847266757,2669.0
16.0,1.0,0.0,0.0,1.0,0.7675628716234091,0.7826020023548231,2669.0
16.0,1.0,0.0,0.0,2.0,1.0,0.9712737809266285,2669.0
16.0,1.0,0.0,0.0,3.0,0.8987272159931357,0.8908932592767459,2669.0
16.0,1.0,0.0,0.0,4.0,0.5976279767853482,0.6366282921477907,2669.0
16.0,1.0,0.0,0.0,5.0,0.553648500367198,0.5682946482468413,2669.0
16.0,2.0,1.0,0.0,0.0,0.47012403563367294,0.23267096490030006,2669.0
16.0,2.0,1.0,0.0,1.0,0.6893141803777093,0.579834975813824,2669.0
16.0,2.0,1.0,0.0,2.0,0.9682187472456752,0.8297032300923061,2669.0
16.0,2.0,1.0,0.0,3.0,1.0,0.8717028021003255,2669.0
16.0,2.0,1.0,0.0,4.0,0.844560904302112,0.6792222645913025,2669.0
16.0,2.0,1.0,0.0,5.0,0.5910497904540107,0.43435348740530555,2669.0
17.0,1.0,0.0,0.0,0.0,0.18407545262685115,0.34151603137212483,2670.0
17.0,1.0,0.0,0.0,1.0,0.4610665114845491,0.49646919093249986,2670.0
17.0,1.0,0.0,0.0,2.0,0.7323376138707777,0.8258755208307376,2670.0
17.0,1.0,0.0,0.0,3.0,0.9302356021940993,0.9598150284402206,2670.0
17.0,1.0,0.0,0.0,4.0,1.0,0.9153646445847639,2670.0
17.0,1.0,0.0,0.0,5.0,0.8985165979578128,0.7414751103438807,2670.0
17.0,2.0,1.0,0.0,0.0,0.26550943852830733,0.17840923004297152,2670.0
17.0,2.0,1.0,0.0,1.0,0.5320829771043484,0.4273733099121392,2670.0
17.0,2.0,1.0,0.0,2.0,0.7549442757165865,0.7787554348796363,2670.0
17.0,2.0,1.0,0.0,3.0,0.9391451266479943,0.9804696546255128,2670.0
17.0,2.0,1.0,0.0,4.0,1.0,1.0263634973973605,2670.0
17.0,2.0,1.0,0.0,5.0,0.9178213114396687,0.8614582524886617,2670.0
18.0,2.0,1.0,0.0,0.0,0.18907598243501228,0.12241305316071277,2672.0
18.0,2.0,1.0,0.0,1.0,0.4378608844560281,0.392197911423348,2672.0
18.0,2.0,1.0,0.0,2.0,0.552178460793826,0.5313751535394212,2672.0
18.0,2.0,1.0,0.0,3.0,0.5947181050923227,0.5657235160317229,2672.0
18.0,2.0,1.0,0.0,4.0,0.691602495706362,0.6416642739373611,2672.0
18.0,2.0,1.0,0.0,5.0,1.0,0.7865194599874972,2672.0
18.0,1.0,0.0,0.0,0.0,0.17445329166561604,0.18849080064198687,2672.0
18.0,1.0,0.0,0.0,1.0,0.4171735005159169,0.4120783684665675,2672.0
18.0,1.0,0.0,0.0,2.0,0.5605510431704753,0.6007495186250589,2672.0
18.0,1.0,0.0,0.0,3.0,0.5993426389828101,0.6367428708593733,2672.0
18.0,1.0,0.0,0.0,4.0,0.7205100535773968,0.7823068265145535,2672.0
18.0,1.0,0.0,0.0,5.0,1.0,0.9839156527045877,2672.0
19.0,1.0,1.0,0.0,0.0,0.2556556983149172,0.2325652495680659,2674.0
19.0,1.0,1.0,0.0,1.0,0.47954010752205173,0.501193660482876,2674.0
19.0,1.0,1.0,0.0,2.0,0.7249893008326133,0.7928613940619029,2674.0
19.0,1.0,1.0,0.0,3.0,0.9488533637657741,1.0348487555355266,2674.0
19.0,1.0,1.0,0.0,4.0,1.0,1.002443111724592,2674.0
19.0,1.0,1.0,0.0,5.0,0.7607423263031706,0.6915717405896872,2674.0
19.0,2.0,0.0,0.0,0.0,0.33216661570465866,0.2686514112397612,2674.0
19.0,2.0,0.0,0.0,1.0,0.4170330027915187,0.5357789713601214,2674.0
19.0,2.0,0.0,0.0,2.0,0.7330898043982026,0.8553993942847412,2674.0
19.0,2.0,0.0,0.0,3.0,1.0,1.1369881969567102,2674.0
19.0,2.0,0.0,0.0,4.0,0.963504254107718,1.1559018125610387,2674.0
19.0,2.0,0.0,0.0,5.0,0.710811815215722,0.7871040273672248,2674.0
20.0,1.0,0.0,0.0,0.0,0.20184443136359445,0.23782613016106544,2676.0
20.0,1.0,0.0,0.0,1.0,0.47542140737324534,0.6965745970786743,2676.0
20.0,1.0,0.0,0.0,2.0,0.7468190327700767,1.0059307338339043,2676.0
20.0,1.0,0.0,0.0,3.0,0.8975893293675103,1.1506336302535343,2676.0
20.0,1.0,0.0,0.0,4.0,0.9404624483455682,1.117310657113124,2676.0
20.0,1.0,0.0,0.0,5.0,1.0,1.1282730266234666,2676.0
21.0,2.0,1.0,0.0,0.0,0.5449545383878327,0.4415179367643166,2677.0
21.0,2.0,1.0,0.0,1.0,0.8075281647684831,0.8470191611974256,2677.0
21.0,2.0,1.0,0.0,2.0,0.8794133234444517,1.0159032929458505,2677.0
21.0,2.0,1.0,0.0,3.0,0.6720733101443966,0.9602610727113529,2677.0
21.0,2.0,1.0,0.0,4.0,0.68629879840785,0.9620147086530187,2677.0
21.0,2.0,1.0,0.0,5.0,1.0,1.1142711543313728,2677.0
21.0,1.0,0.0,0.0,0.0,0.43428850245652484,0.41087689044155273,2677.0
21.0,1.0,0.0,0.0,1.0,0.8573720524560619,0.6647641175609895,2677.0
21.0,1.0,0.0,0.0,2.0,0.9525890199741083,0.8072112060815648,2677.0
21.0,1.0,0.0,0.0,3.0,0.8887100180624344,0.8502905901550517,2677.0
21.0,1.0,0.0,0.0,4.0,1.0,0.9996919025131563,2677.0
21.0,1.0,0.0,0.0,5.0,0.8936243091733528,1.0104479677615341,2677.0
22.0,1.0,0.0,0.0,0.0,0.8209598010030315,0.7706537632253945,2678.0
22.0,1.0,0.0,0.0,1.0,1.0,0.7737195610640416,2678.0
22.0,1.0,0.0,0.0,2.0,0.9433844235357599,1.291336649000186,2678.0
22.0,1.0,0.0,0.0,3.0,0.8246105965407331,1.2052830367851277,2678.0
22.0,1.0,0.0,0.0,4.0,0.8065844108371729,1.520616033273725,2678.0
22.0,1.0,0.0,0.0,5.0,0.7436969165276117,1.2739109217068016,2678.0
23.0,2.0,1.0,0.0,0.0,0.26750601558797277,0.2177639750692307,2695.0
23.0,2.0,1.0,0.0,1.0,0.5549120429118879,0.5664128651232228,2695.0
23.0,2.0,1.0,0.0,2.0,0.9881266762557543,0.949710838028613,2695.0
23.0,2.0,1.0,0.0,3.0,1.0,1.19761682123114,2695.0
23.0,2.0,1.0,0.0,4.0,0.7198664878839709,1.038145362378958,2695.0
23.0,2.0,1.0,0.0,5.0,0.6734756229018799,0.9461144007405569,2695.0
23.0,1.0,0.0,0.0,0.0,0.2842677675171842,0.22003544189960228,2695.0
23.0,1.0,0.0,0.0,1.0,0.620869027298316,0.565049420390505,2695.0
23.0,1.0,0.0,0.0,2.0,0.9570094930117806,0.9192233758549105,2695.0
23.0,1.0,0.0,0.0,3.0,1.0,0.8501752747391517,2695.0
23.0,1.0,0.0,0.0,4.0,0.8080641406094916,0.8320993538047561,2695.0
23.0,1.0,0.0,0.0,5.0,0.8930565850627487,0.8726099762211093,2695.0
24.0,1.0,0.0,0.0,0.0,0.25026530974628,0.22693866528935275,2696.0
24.0,1.0,0.0,0.0,1.0,0.48519353855223035,0.40336531400026837,2696.0
24.0,1.0,0.0,0.0,2.0,0.7273302140491271,0.6394564339509362,2696.0
24.0,1.0,0.0,0.0,3.0,0.8990610410644125,0.797841378565521,2696.0
24.0,1.0,0.0,0.0,4.0,1.0,0.8544406928882724,2696.0
24.0,1.0,0.0,0.0,5.0,0.9831367088434063,0.8989459316203471,2696.0
24.0,2.0,1.0,0.0,0.0,0.3286690696566344,0.22220221843983912,2696.0
24.0,2.0,1.0,0.0,1.0,0.5982976855421704,0.6548952949415213,2696.0
24.0,2.0,1.0,0.0,2.0,0.8412619758288172,0.898776566071983,2696.0
24.0,2.0,1.0,0.0,3.0,0.909737762397002,0.8695686580291702,2696.0
24.0,2.0,1.0,0.0,4.0,0.9914459531268185,0.9361549670884826,2696.0
24.0,2.0,1.0,0.0,5.0,1.0,0.9322671268719821,2696.0
25.0,1.0,1.0,0.0,0.0,0.24818855904047415,0.15300615133462833,2697.0
25.0,1.0,1.0,0.0,1.0,0.377270500481125,0.2973397979148371,2697.0
25.0,1.0,1.0,0.0,2.0,0.6346551969116302,0.5989567772033666,2697.0
25.0,1.0,1.0,0.0,3.0,0.8095038208588824,0.7591562392606013,2697.0
25.0,1.0,1.0,0.0,4.0,0.9404080081861409,0.936604545210836,2697.0
25.0,1.0,1.0,0.0,5.0,1.0,1.0582906040773687,2697.0
25.0,2.0,0.0,0.0,0.0,0.32288147383923443,0.13417719236400194,2697.0
25.0,2.0,0.0,0.0,1.0,0.5396956158566967,0.36143968809238225,2697.0
25.0,2.0,0.0,0.0,2.0,0.4822938394346831,0.6311860991233971,2697.0
25.0,2.0,0.0,0.0,3.0,0.5811117602829619,0.8914178867728061,2697.0
25.0,2.0,0.0,0.0,4.0,0.9163952502667059,1.0528976917922543,2697.0
25.0,2.0,0.0,0.0,5.0,1.0,1.148151315356822,2697.0
26.0,1.0,1.0,0.0,0.0,0.3455017946176738,0.34836342492508904,2708.0
26.0,1.0,1.0,0.0,1.0,0.6626276856653082,0.6555343173333904,2708.0
26.0,1.0,1.0,0.0,2.0,0.9198704373879749,0.9527547787138181,2708.0
26.0,1.0,1.0,0.0,3.0,1.0,1.0507483867539733,2708.0
26.0,1.0,1.0,0.0,4.0,0.7696899026938706,0.7496968675423684,2708.0
26.0,1.0,1.0,0.0,5.0,0.40640457204233155,0.47437510988214643,2708.0
27.0,1.0,1.0,0.0,0.0,0.252358024811217,0.1692584001521854,2715.0
27.0,1.0,1.0,0.0,1.0,0.4486367994031249,0.4300072929454591,2715.0
27.0,1.0,1.0,0.0,2.0,0.6673962870015885,0.6958048628281228,2715.0
27.0,1.0,1.0,0.0,3.0,0.9057724428609837,0.9181845189733528,2715.0
27.0,1.0,1.0,0.0,4.0,1.0,1.0190622047432567,2715.0
27.0,1.0,1.0,0.0,5.0,0.9318702637126589,0.9597597486012398,2715.0
28.0,1.0,1.0,0.0,0.0,0.23796121601109982,0.13196929052375453,2716.0
28.0,1.0,1.0,0.0,1.0,0.4961055363039258,0.337288102631149,2716.0
28.0,1.0,1.0,0.0,2.0,0.6737659793219035,0.6008076376014562,2716.0
28.0,1.0,1.0,0.0,3.0,0.7722429445873461,0.773686822776403,2716.0
28.0,1.0,1.0,0.0,4.0,0.8455470885964187,0.736656935327266,2716.0
28.0,1.0,1.0,0.0,5.0,1.0,0.8450176516138223,2716.0
29.0,1.0,0.0,0.0,0.0,0.21850386530085741,0.2193411209700733,2726.0
29.0,1.0,0.0,0.0,1.0,0.48174818638402067,0.4868663122786888,2726.0
29.0,1.0,0.0,0.0,2.0,0.737109659898082,0.7916352254285822,2726.0
29.0,1.0,0.0,0.0,3.0,0.9875446104928556,1.0087208499182625,2726.0
29.0,1.0,0.0,0.0,4.0,1.0,1.084619771667622,2726.0
29.0,1.0,0.0,0.0,5.0,0.8517463859516994,0.8974539862642452,2726.0
30.0,1.0,1.0,0.0,0.0,0.2157130422499803,0.22516685899417804,2727.0
30.0,1.0,1.0,0.0,1.0,0.5854315461996269,0.5262027252913459,2727.0
30.0,1.0,1.0,0.0,2.0,0.8902892688546342,0.8075940958531306,2727.0
30.0,1.0,1.0,0.0,3.0,0.9671690555306021,0.8199571329335185,2727.0
30.0,1.0,1.0,0.0,4.0,0.9922936995743611,0.8595588646859452,2727.0
30.0,1.0,1.0,0.0,5.0,1.0,0.9172236593098959,2727.0
31.0,2.0,1.0,0.0,0.0,0.21965440491767976,0.15034228673698602,2728.0
31.0,2.0,1.0,0.0,1.0,0.5013251009406474,0.43240801889942315,2728.0
31.0,2.0,1.0,0.0,2.0,0.8297422728888035,0.7276719023568649,2728.0
31.0,2.0,1.0,0.0,3.0,1.0,0.8082764503555773,2728.0
31.0,2.0,1.0,0.0,4.0,0.9868121588450952,0.841708116884615,2728.0
31.0,2.0,1.0,0.0,5.0,0.9048653444099649,0.6710673555880416,2728.0
31.0,1.0,0.0,0.0,0.0,0.3701661089767679,0.3071206392966962,2728.0
31.0,1.0,0.0,0.0,1.0,0.5721719518043984,0.7355899935424038,2728.0
31.0,1.0,0.0,0.0,2.0,0.934953981204764,1.2276173728676258,2728.0
31.0,1.0,0.0,0.0,3.0,1.0,1.3109181127637888,2728.0
31.0,1.0,0.0,0.0,4.0,0.9660149876809632,1.1801050408986524,2728.0
31.0,1.0,0.0,0.0,5.0,0.9674109271241415,1.0703753808129113,2728.0
32.0,1.0,1.0,0.0,0.0,0.18477737081740372,0.24855707937671714,2733.0
32.0,1.0,1.0,0.0,1.0,0.47394438017750906,0.4405877770806467,2733.0
32.0,1.0,1.0,0.0,2.0,0.723826084083305,0.7531238423850528,2733.0
32.0,1.0,1.0,0.0,3.0,0.8894736408852282,1.0293805924575836,2733.0
32.0,1.0,1.0,0.0,4.0,0.9942992662050035,1.0539182291309819,2733.0
32.0,1.0,1.0,0.0,5.0,1.0,0.9597703514735383,2733.0
33.0,1.0,1.0,0.0,0.0,0.24119160019275976,0.114482617772038,2734.0
33.0,1.0,1.0,0.0,1.0,0.6001250515790033,0.4408452248011366,2734.0
33.0,1.0,1.0,0.0,2.0,0.8738001123786404,0.6777692659011508,2734.0
33.0,1.0,1.0,0.0,3.0,0.917392907497953,0.8629143421983233,2734.0
33.0,1.0,1.0,0.0,4.0,1.0,0.9169668268346473,2734.0
33.0,1.0,1.0,0.0,5.0,0.9420761258844639,0.8801435161618277,2734.0
34.0,1.0,1.0,0.0,0.0,0.29348048660345805,0.21474903437853682,2737.0
34.0,1.0,1.0,0.0,1.0,0.48514757825242977,0.6056106527379941,2737.0
34.0,1.0,1.0,0.0,2.0,0.8242872283679898,0.9303551239311009,2737.0
34.0,1.0,1.0,0.0,3.0,1.0,1.0423231906587083,2737.0
34.0,1.0,1.0,0.0,4.0,0.9154479580637438,1.00499554797942,2737.0
34.0,1.0,1.0,0.0,5.0,0.6279830486450236,1.4817298266843377,2737.0
35.0,1.0,1.0,0.0,0.0,0.19927415995304643,0.2430738931346523,345202.0
35.0,1.0,1.0,0.0,1.0,0.5135214438206377,0.6388925283079177,345202.0
35.0,1.0,1.0,0.0,2.0,0.7237633917311549,0.9433685123271831,345202.0
35.0,1.0,1.0,0.0,3.0,0.8204823962281146,1.0510754291895847,345202.0
35.0,1.0,1.0,0.0,4.0,0.9055227812566139,1.0978770158595264,345202.0
35.0,1.0,1.0,0.0,5.0,1.0,1.1174922158424783,345202.0
35.0,2.0,0.0,0.0,0.0,0.29347277734297395,0.25853434363138045,345202.0
35.0,2.0,0.0,0.0,1.0,0.6272167441020943,0.6573568123352028,345202.0
35.0,2.0,0.0,0.0,2.0,0.842546398525676,0.921593830697356,345202.0
35.0,2.0,0.0,0.0,3.0,0.8622911396651441,1.0138407970320205,345202.0
35.0,2.0,0.0,0.0,4.0,0.8974293386883873,1.0403803366175308,345202.0
35.0,2.0,0.0,0.0,5.0,1.0,1.1174149817076733,345202.0
36.0,1.0,1.0,0.0,0.0,0.3918078568708336,0.22526346096407374,345215.0
36.0,1.0,1.0,0.0,1.0,0.4603151097616639,0.45896265469224135,345215.0
36.0,1.0,1.0,0.0,2.0,0.6313875416099528,0.7287894624939281,345215.0
36.0,1.0,1.0,0.0,3.0,0.8573106849746421,1.0273880261265,345215.0
36.0,1.0,1.0,0.0,4.0,1.0,0.9680430391304345,345215.0
36.0,1.0,1.0,0.0,5.0,0.8665775365885382,0.9105204776768929,345215.0
36.0,2.0,0.0,0.0,0.0,0.2650450647768418,0.18958969359666605,345215.0
36.0,2.0,0.0,0.0,1.0,0.40020117687268125,0.3916948809242014,345215.0
36.0,2.0,0.0,0.0,2.0,0.5895572129080601,0.5668950907396008,345215.0
36.0,2.0,0.0,0.0,3.0,0.831852004722494,0.7003991007753515,345215.0
36.0,2.0,0.0,0.0,4.0,0.9480779631104271,0.8467473216494001,345215.0
36.0,2.0,0.0,0.0,5.0,1.0,0.8827403025351819,345215.0
37.0,2.0,0.0,0.0,0.0,0.17583619095131145,0.22133997127095026,345216.0
37.0,2.0,0.0,0.0,1.0,0.3307856585922667,0.3668171897166994,345216.0
37.0,2.0,0.0,0.0,2.0,0.48622722449595696,0.5556108248654069,345216.0
37.0,2.0,0.0,0.0,3.0,0.66393718637614,0.7768019418193767,345216.0
37.0,2.0,0.0,0.0,4.0,0.7412931136891481,0.8001913719845176,345216.0
37.0,2.0,0.0,0.0,5.0,1.0,1.0959029008608199,345216.0
37.0,1.0,1.0,0.0,0.0,0.17535940534092032,0.18651557302689617,345216.0
37.0,1.0,1.0,0.0,1.0,0.3428667415193098,0.3905901883637326,345216.0
37.0,1.0,1.0,0.0,2.0,0.5144200849666007,0.6144333578525969,345216.0
37.0,1.0,1.0,0.0,3.0,0.6277212921021559,0.7503367019770926,345216.0
37.0,1.0,1.0,0.0,4.0,0.7411436604520364,0.7990834446608904,345216.0
37.0,1.0,1.0,0.0,5.0,1.0,0.9277657024695093,345216.0
0.0,1.0,1.0,1.0,0.0,0.10356363131458074,0.12077695189749948,2651.0
0.0,1.0,1.0,1.0,1.0,0.3855660234589959,0.3903737926958622,2651.0
0.0,1.0,1.0,1.0,2.0,0.644517249332742,0.6640163365435856,2651.0
0.0,1.0,1.0,1.0,3.0,0.8850762264180327,0.9125668483207133,2651.0
0.0,1.0,1.0,1.0,4.0,0.9846882381010814,1.0080264434308388,2651.0
0.0,1.0,1.0,1.0,5.0,1.0,0.99378379944486,2651.0
0.0,2.0,0.0,1.0,0.0,0.12716859413114479,0.08570656429170372,2651.0
0.0,2.0,0.0,1.0,1.0,0.3370810629585092,0.3124177626122814,2651.0
0.0,2.0,0.0,1.0,2.0,0.6297442075374328,0.6201864922348507,2651.0
0.0,2.0,0.0,1.0,3.0,0.8745961413346681,0.8145625801544099,2651.0
0.0,2.0,0.0,1.0,4.0,0.9675849058435104,0.9270452616886176,2651.0
0.0,2.0,0.0,1.0,5.0,1.0,0.9567715833599093,2651.0
1.0,1.0,1.0,1.0,0.0,0.31336261329072423,0.472539142683163,2652.0
1.0,1.0,1.0,1.0,1.0,0.7230030443212627,0.8763580698229694,2652.0
1.0,1.0,1.0,1.0,2.0,0.989958626102512,0.9530035327931888,2652.0
1.0,1.0,1.0,1.0,3.0,1.0,1.0917133072266256,2652.0
1.0,1.0,1.0,1.0,4.0,0.926466362640713,1.0086247601733416,2652.0
1.0,1.0,1.0,1.0,5.0,0.9605929502088892,0.863917519900133,2652.0
1.0,2.0,0.0,1.0,0.0,0.26171287295522533,0.3476330987747043,2652.0
1.0,2.0,0.0,1.0,1.0,0.6514589948497566,0.6923572717735582,2652.0
1.0,2.0,0.0,1.0,2.0,0.8250531002107442,0.8272441633302554,2652.0
1.0,2.0,0.0,1.0,3.0,1.0,1.0562643970653403,2652.0
1.0,2.0,0.0,1.0,4.0,0.895772893932416,1.0359183855881504,2652.0
1.0,2.0,0.0,1.0,5.0,0.870425380709643,0.9903874012259767,2652.0
2.0,1.0,1.0,1.0,0.0,0.22296368098452338,0.24372559508196123,2653.0
2.0,1.0,1.0,1.0,1.0,0.5241801675466172,0.538234419743825,2653.0
2.0,1.0,1.0,1.0,2.0,0.757763661168398,0.7776462257473522,2653.0
2.0,1.0,1.0,1.0,3.0,0.9468815190555684,1.0297533461456962,2653.0
2.0,1.0,1.0,1.0,4.0,0.94976438414539,1.1242276188346652,2653.0
2.0,1.0,1.0,1.0,5.0,1.0,1.2331581116876915,2653.0
2.0,2.0,0.0,1.0,0.0,0.18431495886896737,0.24683941966080156,2653.0
2.0,2.0,0.0,1.0,1.0,0.4688790968531756,0.5920075118829592,2653.0
2.0,2.0,0.0,1.0,2.0,0.7498079538380632,0.9905806873545745,2653.0
2.0,2.0,0.0,1.0,3.0,0.8927506992053799,1.1420138003846187,2653.0
2.0,2.0,0.0,1.0,4.0,0.964101760018279,1.2515339419737737,2653.0
2.0,2.0,0.0,1.0,5.0,1.0,1.3031873831609075,2653.0
3.0,1.0,1.0,1.0,0.0,0.19001524656666424,0.26330258551849195,2654.0
3.0,1.0,1.0,1.0,1.0,0.457334549002091,0.4093585044377382,2654.0
3.0,1.0,1.0,1.0,2.0,0.7171363219969447,0.6312000808314003,2654.0
3.0,1.0,1.0,1.0,3.0,0.9105634124553795,0.8973806666668188,2654.0
3.0,1.0,1.0,1.0,4.0,1.0,0.9078587560400931,2654.0
3.0,1.0,1.0,1.0,5.0,0.8776963270262444,0.7992628478849444,2654.0
3.0,2.0,0.0,1.0,0.0,0.26523683819988675,0.36090012172405184,2654.0
3.0,2.0,0.0,1.0,1.0,0.4648785418762618,0.43392384137520046,2654.0
3.0,2.0,0.0,1.0,2.0,0.861943665922706,0.7052622527061396,2654.0
3.0,2.0,0.0,1.0,3.0,0.8930570656353012,1.111363399542751,2654.0
3.0,2.0,0.0,1.0,4.0,1.0,1.1662300503049179,2654.0
3.0,2.0,0.0,1.0,5.0,0.7987415298231336,1.1435312295617635,2654.0
4.0,1.0,1.0,1.0,0.0,0.16628863611345232,0.167141316264251,2655.0
4.0,1.0,1.0,1.0,1.0,0.36392961347548136,0.33785479132787877,2655.0
4.0,1.0,1.0,1.0,2.0,0.6107622242947256,0.6609931809962393,2655.0
4.0,1.0,1.0,1.0,3.0,0.8056385970004158,0.8012043857285587,2655.0
4.0,1.0,1.0,1.0,4.0,0.9061059650406761,0.8403878643840458,2655.0
4.0,1.0,1.0,1.0,5.0,1.0,0.8514958347356747,2655.0
4.0,2.0,0.0,1.0,0.0,0.17432037033899353,0.21173693881340905,2655.0
4.0,2.0,0.0,1.0,1.0,0.38508755276773576,0.4249401850993282,2655.0
4.0,2.0,0.0,1.0,2.0,0.6030275666559634,0.6649073924698317,2655.0
4.0,2.0,0.0,1.0,3.0,0.8500829171561493,0.8350700430855303,2655.0
4.0,2.0,0.0,1.0,4.0,0.8942303594858264,0.9444877217384108,2655.0
4.0,2.0,0.0,1.0,5.0,1.0,1.0607315328210134,2655.0
5.0,1.0,1.0,1.0,0.0,0.28814826760870627,0.2730295868939841,2657.0
5.0,1.0,1.0,1.0,1.0,0.494516500525201,0.5510093573058867,2657.0
5.0,1.0,1.0,1.0,2.0,0.7711913662802825,0.8433415704108447,2657.0
5.0,1.0,1.0,1.0,3.0,0.9057976548610188,0.9582997428737242,2657.0
5.0,1.0,1.0,1.0,4.0,0.9342025912257397,0.9620336756193931,2657.0
5.0,1.0,1.0,1.0,5.0,1.0,1.0651820999273696,2657.0
5.0,2.0,0.0,1.0,0.0,0.25233435200197557,0.2569014558643555,2657.0
5.0,2.0,0.0,1.0,1.0,0.46334522348343665,0.5129000198963066,2657.0
5.0,2.0,0.0,1.0,2.0,0.6813080160246512,0.8054145997599483,2657.0
5.0,2.0,0.0,1.0,3.0,0.812257209602782,1.0059516938321758,2657.0
5.0,2.0,0.0,1.0,4.0,0.8662038128121405,0.9982136623451435,2657.0
5.0,2.0,0.0,1.0,5.0,1.0,1.073317771907555,2657.0
6.0,1.0,1.0,1.0,0.0,0.13946178436048678,0.18558744367059468,2658.0
6.0,1.0,1.0,1.0,1.0,0.33121186447776063,0.3618587874629847,2658.0
6.0,1.0,1.0,1.0,2.0,0.49861874347622376,0.5582459106019301,2658.0
6.0,1.0,1.0,1.0,3.0,0.7542532914216811,0.8027015712619405,2658.0
6.0,1.0,1.0,1.0,4.0,0.9250404039800121,0.9568760405053355,2658.0
6.0,1.0,1.0,1.0,5.0,1.0,1.0713215336478839,2658.0
6.0,2.0,0.0,1.0,0.0,0.18927527680847422,0.26332060023332954,2658.0
6.0,2.0,0.0,1.0,1.0,0.3466940564394217,0.4918377758697165,2658.0
6.0,2.0,0.0,1.0,2.0,0.5397107769886216,0.570535936348312,2658.0
6.0,2.0,0.0,1.0,3.0,0.7309039104057476,0.8608352825626356,2658.0
6.0,2.0,0.0,1.0,4.0,0.9635140623561873,1.2144089427634037,2658.0
6.0,2.0,0.0,1.0,5.0,1.0,1.1425619627011037,2658.0
7.0,1.0,1.0,1.0,0.0,0.49211983014942157,0.3223850749188357,2659.0
7.0,1.0,1.0,1.0,1.0,0.7784131533814921,0.7328204726747369,2659.0
7.0,1.0,1.0,1.0,2.0,1.0,0.9138861160557125,2659.0
7.0,1.0,1.0,1.0,3.0,0.9742517283203902,1.14660896314713,2659.0
7.0,1.0,1.0,1.0,4.0,0.9316767122583891,1.0324124087095994,2659.0
7.0,1.0,1.0,1.0,5.0,0.928172685791443,1.0315157094267606,2659.0
7.0,2.0,0.0,1.0,0.0,0.3496470049826855,0.29788269510653903,2659.0
7.0,2.0,0.0,1.0,1.0,0.6187867631121416,0.5395929569123894,2659.0
7.0,2.0,0.0,1.0,2.0,0.8524220721248055,0.7738845354152424,2659.0
7.0,2.0,0.0,1.0,3.0,1.0,0.8612455973868479,2659.0
7.0,2.0,0.0,1.0,4.0,0.9693293578070884,0.8038504850394366,2659.0
7.0,2.0,0.0,1.0,5.0,0.8025021050639778,0.7095789171335802,2659.0
8.0,1.0,1.0,1.0,0.0,0.08536664378451132,0.10516015640787912,2660.0
8.0,1.0,1.0,1.0,1.0,0.2919889371947254,0.3496633818646252,2660.0
8.0,1.0,1.0,1.0,2.0,0.48349956281361467,0.5216286403230859,2660.0
8.0,1.0,1.0,1.0,3.0,0.7056251906135848,0.6662676795398786,2660.0
8.0,1.0,1.0,1.0,4.0,0.8449501383041849,0.8871805203176021,2660.0
8.0,1.0,1.0,1.0,5.0,1.0,1.1169358457767986,2660.0
9.0,2.0,1.0,1.0,0.0,0.48338403047119144,0.4060472539575839,2661.0
9.0,2.0,1.0,1.0,1.0,0.8675526817707085,1.0937474012366666,2661.0
9.0,2.0,1.0,1.0,2.0,1.0,1.4279194521892107,2661.0
9.0,2.0,1.0,1.0,3.0,0.8418823439119203,1.1358219962449272,2661.0
9.0,2.0,1.0,1.0,4.0,0.6983864996452509,0.8506277338364597,2661.0
9.0,2.0,1.0,1.0,5.0,0.9340907352581831,1.0039990244038073,2661.0
9.0,1.0,0.0,1.0,0.0,0.3488983687939783,0.5436774126725598,2661.0
9.0,1.0,0.0,1.0,1.0,0.8258383004412003,0.6975004786529617,2661.0
9.0,1.0,0.0,1.0,2.0,1.0,1.105768217400941,2661.0
9.0,1.0,0.0,1.0,3.0,0.8187780382141406,0.953691145596224,2661.0
9.0,1.0,0.0,1.0,4.0,0.7982408087535965,0.6318092980464636,2661.0
9.0,1.0,0.0,1.0,5.0,0.6906067200269996,0.6841813314627515,2661.0
10.0,2.0,0.0,1.0,0.0,0.4722215304533933,0.5597696938170669,2663.0
10.0,2.0,0.0,1.0,1.0,0.8513154097243938,0.8888180489560227,2663.0
10.0,2.0,0.0,1.0,2.0,0.9144098843748341,1.0555005533030384,2663.0
10.0,2.0,0.0,1.0,3.0,1.0,1.2226610615852187,2663.0
10.0,2.0,0.0,1.0,4.0,0.7602414630175409,1.278228223289552,2663.0
10.0,2.0,0.0,1.0,5.0,0.6913429428169988,1.0935965508104848,2663.0
10.0,1.0,0.0,1.0,0.0,0.3555785922631147,0.48165517533797103,2663.0
10.0,1.0,0.0,1.0,1.0,0.6926993973147277,0.6776591727399323,2663.0
10.0,1.0,0.0,1.0,2.0,0.9196786566746441,0.7905085960556409,2663.0
10.0,1.0,0.0,1.0,3.0,1.0,0.747183877240683,2663.0
10.0,1.0,0.0,1.0,4.0,0.8074679514775274,0.6758694095855343,2663.0
10.0,1.0,0.0,1.0,5.0,0.6785110827836297,0.7754162897641989,2663.0
11.0,2.0,1.0,1.0,0.0,0.2359262348223763,0.1508863362902739,2664.0
11.0,2.0,1.0,1.0,1.0,0.5473894334807412,0.41145080733771194,2664.0
11.0,2.0,1.0,1.0,2.0,0.8280477487635862,0.8905315349387082,2664.0
11.0,2.0,1.0,1.0,3.0,1.0,1.1820419344430304,2664.0
11.0,2.0,1.0,1.0,4.0,0.992051616787373,1.2178879595847854,2664.0
11.0,2.0,1.0,1.0,5.0,0.9875283439386152,1.1997439553675469,2664.0
11.0,1.0,0.0,1.0,0.0,0.2196431010584948,0.1782765796585384,2664.0
11.0,1.0,0.0,1.0,1.0,0.5107417953247049,0.45547344309863863,2664.0
11.0,1.0,0.0,1.0,2.0,0.8604093515406841,0.7579120784336045,2664.0
11.0,1.0,0.0,1.0,3.0,1.0,0.9201222120488614,2664.0
11.0,1.0,0.0,1.0,4.0,0.9756273584210717,0.864515489219975,2664.0
11.0,1.0,0.0,1.0,5.0,0.9771214801658238,0.8385419970534592,2664.0
12.0,2.0,1.0,1.0,0.0,0.44496068562157154,0.4162688688653796,2665.0
12.0,2.0,1.0,1.0,1.0,0.7419264524283086,0.8494156980995944,2665.0
12.0,2.0,1.0,1.0,2.0,1.0,1.0973388190143445,2665.0
12.0,2.0,1.0,1.0,3.0,0.9567349743182283,0.9820364800275905,2665.0
12.0,2.0,1.0,1.0,4.0,0.7902260046908586,0.858012700617519,2665.0
12.0,2.0,1.0,1.0,5.0,0.8186546671471551,0.8154288341906701,2665.0
12.0,1.0,0.0,1.0,0.0,0.4807023205192024,0.3547118391007365,2665.0
12.0,1.0,0.0,1.0,1.0,0.8220400674774668,0.7148221106093124,2665.0
12.0,1.0,0.0,1.0,2.0,1.0,1.0006987015429385,2665.0
12.0,1.0,0.0,1.0,3.0,0.939934882619136,0.8977234639272831,2665.0
12.0,1.0,0.0,1.0,4.0,0.8166324832624501,0.7135720200049103,2665.0
12.0,1.0,0.0,1.0,5.0,0.891788750197614,0.7541632940015192,2665.0
13.0,2.0,1.0,1.0,0.0,0.32765792853440273,0.3305617097954376,2666.0
13.0,2.0,1.0,1.0,1.0,0.7568840952267806,0.732071494249306,2666.0
13.0,2.0,1.0,1.0,2.0,0.9778623835150098,1.0332715510206878,2666.0
13.0,2.0,1.0,1.0,3.0,0.945092294142119,1.3463087956835096,2666.0
13.0,2.0,1.0,1.0,4.0,0.9181018470395043,1.4640194558575728,2666.0
13.0,2.0,1.0,1.0,5.0,1.0,1.3734957894296802,2666.0
13.0,1.0,0.0,1.0,0.0,0.211255185016083,0.31751686591218414,2666.0
13.0,1.0,0.0,1.0,1.0,0.4950106275420486,0.5862155831036434,2666.0
13.0,1.0,0.0,1.0,2.0,0.6669808443357154,0.5475760221322452,2666.0
13.0,1.0,0.0,1.0,3.0,0.8921601277962818,1.0022057492089465,2666.0
13.0,1.0,0.0,1.0,4.0,1.0,1.135084493158774,2666.0
13.0,1.0,0.0,1.0,5.0,0.9167436266776421,1.0593524176509361,2666.0
14.0,2.0,1.0,1.0,0.0,0.33889043664017016,0.3157640962838737,2667.0
14.0,2.0,1.0,1.0,1.0,0.5706125541963999,0.5832361185063466,2667.0
14.0,2.0,1.0,1.0,2.0,0.806530483423453,0.7910163922435626,2667.0
14.0,2.0,1.0,1.0,3.0,1.0,1.0181168742477633,2667.0
14.0,2.0,1.0,1.0,4.0,0.9845561302875235,0.9709495147242316,2667.0
14.0,2.0,1.0,1.0,5.0,0.8322157199108803,0.8047058440210069,2667.0
14.0,1.0,0.0,1.0,0.0,0.3036144465038,0.2624831678863087,2667.0
14.0,1.0,0.0,1.0,1.0,0.5662389625147346,0.6000777208527049,2667.0
14.0,1.0,0.0,1.0,2.0,0.8156263190617361,0.8325628523213281,2667.0
14.0,1.0,0.0,1.0,3.0,1.0,0.9955441881489889,2667.0
14.0,1.0,0.0,1.0,4.0,0.9098107253111186,0.9188403871676218,2667.0
14.0,1.0,0.0,1.0,5.0,0.7045798618782522,0.7142649305872798,2667.0
15.0,2.0,1.0,1.0,0.0,0.17410257467466891,0.19787793592750955,2668.0
15.0,2.0,1.0,1.0,1.0,0.38677230323737516,0.4095327201174442,2668.0
15.0,2.0,1.0,1.0,2.0,0.5409572584787985,0.5606430003498581,2668.0
15.0,2.0,1.0,1.0,3.0,0.8018925607843191,0.8326506961270207,2668.0
15.0,2.0,1.0,1.0,4.0,1.0,0.966747833009854,2668.0
15.0,2.0,1.0,1.0,5.0,0.9744928173505073,0.9128765692412368,2668.0
15.0,1.0,0.0,1.0,0.0,0.21048308989687298,0.33255804987821097,2668.0
15.0,1.0,0.0,1.0,1.0,0.4328740859289011,0.42921357978693603,2668.0
15.0,1.0,0.0,1.0,2.0,0.568797050497377,0.5514436927933218,2668.0
15.0,1.0,0.0,1.0,3.0,0.8356002628947032,0.7724222584077102,2668.0
15.0,1.0,0.0,1.0,4.0,0.9929078144320087,0.8804689095277288,2668.0
15.0,1.0,0.0,1.0,5.0,1.0,0.8837167997383568,2668.0
16.0,1.0,0.0,1.0,0.0,0.32592247013773873,0.20685416520051222,2669.0
16.0,1.0,0.0,1.0,1.0,0.6167477942689988,0.4398266037387453,2669.0
16.0,1.0,0.0,1.0,2.0,0.7585181096453067,0.8361094694555808,2669.0
16.0,1.0,0.0,1.0,3.0,1.0,0.9757646834283882,2669.0
16.0,1.0,0.0,1.0,4.0,0.8015609040413302,0.7552873819168315,2669.0
16.0,1.0,0.0,1.0,5.0,0.63262766373028,0.4740303821398419,2669.0
16.0,2.0,1.0,1.0,0.0,0.2012485059489422,0.2511093701327277,2669.0
16.0,2.0,1.0,1.0,1.0,0.45149331594042125,0.4999434791811117,2669.0
16.0,2.0,1.0,1.0,2.0,0.7993204368452871,0.8028648325731925,2669.0
16.0,2.0,1.0,1.0,3.0,1.0,0.9775345937369275,2669.0
16.0,2.0,1.0,1.0,4.0,0.8729313366565647,0.7326428030708696,2669.0
16.0,2.0,1.0,1.0,5.0,0.7256027834469541,0.5577319616774099,2669.0
17.0,1.0,0.0,1.0,0.0,0.2659848581589668,0.2593233544750142,2670.0
17.0,1.0,0.0,1.0,1.0,0.5534138932223803,0.4519066509192831,2670.0
17.0,1.0,0.0,1.0,2.0,0.784314746055455,0.718453012611209,2670.0
17.0,1.0,0.0,1.0,3.0,1.0,0.8293703818361291,2670.0
17.0,1.0,0.0,1.0,4.0,0.9214820137597138,0.7134232842089262,2670.0
17.0,1.0,0.0,1.0,5.0,0.8208768320390275,0.5692157874109205,2670.0
17.0,2.0,1.0,1.0,0.0,0.2649953388157405,0.27442557882459057,2670.0
17.0,2.0,1.0,1.0,1.0,0.6388105086641719,0.542510791782863,2670.0
17.0,2.0,1.0,1.0,2.0,0.8575261267280093,0.8907167002577641,2670.0
17.0,2.0,1.0,1.0,3.0,1.0,1.1032756137931503,2670.0
17.0,2.0,1.0,1.0,4.0,0.9385722587309119,0.9543592449774478,2670.0
17.0,2.0,1.0,1.0,5.0,0.781357697446297,0.8057146690426379,2670.0
18.0,2.0,1.0,1.0,0.0,0.18369177878194942,0.1655176064306873,2672.0
18.0,2.0,1.0,1.0,1.0,0.2913241134793817,0.25981105775547386,2672.0
18.0,2.0,1.0,1.0,2.0,0.5685711135510947,0.4369150108734413,2672.0
18.0,2.0,1.0,1.0,3.0,0.7088121780844895,0.6490311972409418,2672.0
18.0,2.0,1.0,1.0,4.0,0.799663310907491,0.7082923443891076,2672.0
18.0,2.0,1.0,1.0,5.0,1.0,0.8099816728352688,2672.0
18.0,1.0,0.0,1.0,0.0,0.17089380885488742,0.17114981758866918,2672.0
18.0,1.0,0.0,1.0,1.0,0.364364430062689,0.5052503672839627,2672.0
18.0,1.0,0.0,1.0,2.0,0.6051073132314302,0.6573618675938859,2672.0
18.0,1.0,0.0,1.0,3.0,0.7233852516290947,0.7384109188681871,2672.0
18.0,1.0,0.0,1.0,4.0,0.7894164855361278,0.8046199455183545,2672.0
18.0,1.0,0.0,1.0,5.0,1.0,0.9940624936857598,2672.0
19.0,1.0,1.0,1.0,0.0,0.2856525338031443,0.28748991683145175,2674.0
19.0,1.0,1.0,1.0,1.0,0.5804263878027414,0.5944495027822644,2674.0
19.0,1.0,1.0,1.0,2.0,0.8156844019012216,0.8259862259772233,2674.0
19.0,1.0,1.0,1.0,3.0,1.0,0.9641449812534333,2674.0
19.0,1.0,1.0,1.0,4.0,0.9982801454075693,0.8688404911492537,2674.0
19.0,1.0,1.0,1.0,5.0,0.7792398654960259,0.6754948259855423,2674.0
19.0,2.0,0.0,1.0,0.0,0.3077374701333079,0.1978006311593205,2674.0
19.0,2.0,0.0,1.0,1.0,0.5958330361682412,0.6301239489039892,2674.0
19.0,2.0,0.0,1.0,2.0,0.8458033372428212,0.907453998945484,2674.0
19.0,2.0,0.0,1.0,3.0,1.0,0.9734155051879695,2674.0
19.0,2.0,0.0,1.0,4.0,0.868327196357174,0.8340912354632646,2674.0
19.0,2.0,0.0,1.0,5.0,0.6941545096274154,0.6797011341525704,2674.0
20.0,1.0,0.0,1.0,0.0,0.1888566245879774,0.2051413267497341,2676.0
20.0,1.0,0.0,1.0,1.0,0.5261417022115783,0.6474538760767093,2676.0
20.0,1.0,0.0,1.0,2.0,0.8346473144544807,0.8754081030684425,2676.0
20.0,1.0,0.0,1.0,3.0,1.0,1.0677865367506552,2676.0
20.0,1.0,0.0,1.0,4.0,0.9293410866056003,0.9130601057757187,2676.0
20.0,1.0,0.0,1.0,5.0,0.8489204420438871,0.8700909098450376,2676.0
21.0,2.0,1.0,1.0,0.0,0.3009013644272488,0.31182375946389795,2677.0
21.0,2.0,1.0,1.0,1.0,0.8081612808988653,0.7642622367938784,2677.0
21.0,2.0,1.0,1.0,2.0,0.9898973856391755,1.0019931870067529,2677.0
21.0,2.0,1.0,1.0,3.0,0.9160883975207184,1.174674159324695,2677.0
21.0,2.0,1.0,1.0,4.0,1.0,1.2393089675347737,2677.0
21.0,2.0,1.0,1.0,5.0,0.973867528125262,1.4861664128332808,2677.0
21.0,1.0,0.0,1.0,0.0,0.2859053532847843,0.33472298566176156,2677.0
21.0,1.0,0.0,1.0,1.0,0.7519487017429114,0.6615096949807643,2677.0
21.0,1.0,0.0,1.0,2.0,0.9302927024304829,0.8610660406752396,2677.0
21.0,1.0,0.0,1.0,3.0,0.9475473178827509,0.8757148113564928,2677.0
21.0,1.0,0.0,1.0,4.0,0.9896120214109417,0.8905481892283833,2677.0
21.0,1.0,0.0,1.0,5.0,1.0,0.9387477720051054,2677.0
22.0,1.0,0.0,1.0,0.0,0.6336763853601718,0.6550093007170342,2678.0
22.0,1.0,0.0,1.0,1.0,1.0,0.8799925190543684,2678.0
22.0,1.0,0.0,1.0,2.0,0.729461714339202,0.9340337926602711,2678.0
22.0,1.0,0.0,1.0,3.0,0.8591144265569237,0.7944727604353906,2678.0
22.0,1.0,0.0,1.0,4.0,0.8156465482159118,0.6693684749578788,2678.0
22.0,1.0,0.0,1.0,5.0,0.9030290132684675,0.8195556485237999,2678.0
23.0,2.0,1.0,1.0,0.0,0.29358771710056847,0.05785345927121504,2695.0
23.0,2.0,1.0,1.0,1.0,0.5677587455406303,0.34202325728706945,2695.0
23.0,2.0,1.0,1.0,2.0,0.9374868405990312,0.73527587451784,2695.0
23.0,2.0,1.0,1.0,3.0,1.0,0.8915327976859038,2695.0
23.0,2.0,1.0,1.0,4.0,0.7937815921536668,0.8272141934192955,2695.0
23.0,2.0,1.0,1.0,5.0,0.6696578861785935,0.7453663586952773,2695.0
23.0,1.0,0.0,1.0,0.0,0.24312570205258743,0.21017605048746957,2695.0
23.0,1.0,0.0,1.0,1.0,0.5382910095113139,0.44109053379373286,2695.0
23.0,1.0,0.0,1.0,2.0,0.8373259112777712,0.686645852189254,2695.0
23.0,1.0,0.0,1.0,3.0,1.0,0.7168566284131239,2695.0
23.0,1.0,0.0,1.0,4.0,0.8809744566593224,0.7044170376448616,2695.0
23.0,1.0,0.0,1.0,5.0,0.7638316813953795,0.7553752138706131,2695.0
24.0,1.0,0.0,1.0,0.0,0.40770406669195447,0.2960240785349362,2696.0
24.0,1.0,0.0,1.0,1.0,0.6348555493690204,0.5549240389431517,2696.0
24.0,1.0,0.0,1.0,2.0,0.9015839934279944,0.7731099049628661,2696.0
24.0,1.0,0.0,1.0,3.0,1.0,0.8928837737068479,2696.0
24.0,1.0,0.0,1.0,4.0,0.899286959537787,0.7952160413217189,2696.0
24.0,1.0,0.0,1.0,5.0,0.8761020773968168,0.7253737854149762,2696.0
24.0,2.0,1.0,1.0,0.0,0.4242651303455621,0.32303408538475153,2696.0
24.0,2.0,1.0,1.0,1.0,0.7271204682402095,0.7550277495152465,2696.0
24.0,2.0,1.0,1.0,2.0,0.9772686967074505,0.9187374486331823,2696.0
24.0,2.0,1.0,1.0,3.0,1.0,0.8738985108958617,2696.0
24.0,2.0,1.0,1.0,4.0,0.8882521566071683,0.841026217149275,2696.0
24.0,2.0,1.0,1.0,5.0,0.8759959507779469,0.7948997865692099,2696.0
25.0,1.0,1.0,1.0,0.0,0.25381577900878804,0.196940671815487,2697.0
25.0,1.0,1.0,1.0,1.0,0.429875126287851,0.4501673299324314,2697.0
25.0,1.0,1.0,1.0,2.0,0.6170646864460346,0.7457189159387435,2697.0
25.0,1.0,1.0,1.0,3.0,0.7744358340716102,0.8380562774928463,2697.0
25.0,1.0,1.0,1.0,4.0,0.9155445273543033,0.9381238475955668,2697.0
25.0,1.0,1.0,1.0,5.0,1.0,1.0165736361955395,2697.0
25.0,2.0,0.0,1.0,0.0,0.31307703039571455,0.3695557532424354,2697.0
25.0,2.0,0.0,1.0,1.0,0.606995024271132,0.7306265936802391,2697.0
25.0,2.0,0.0,1.0,2.0,0.8984160542419531,1.0402551112392135,2697.0
25.0,2.0,0.0,1.0,3.0,0.8490044730561468,1.142826441766937,2697.0
25.0,2.0,0.0,1.0,4.0,0.8785592322495215,1.0856408556308037,2697.0
25.0,2.0,0.0,1.0,5.0,1.0,1.1753419757963002,2697.0
26.0,1.0,1.0,1.0,0.0,0.29388126105521073,0.4019019810106019,2708.0
26.0,1.0,1.0,1.0,1.0,0.7699818323266313,0.8018479130730082,2708.0
26.0,1.0,1.0,1.0,2.0,0.9592368529754302,1.0190472074982018,2708.0
26.0,1.0,1.0,1.0,3.0,1.0,1.1524400963637462,2708.0
26.0,1.0,1.0,1.0,4.0,0.7204518591402395,0.9023990505532441,2708.0
26.0,1.0,1.0,1.0,5.0,0.5118252772358083,0.587849345048624,2708.0
27.0,1.0,1.0,1.0,0.0,0.2061062187015975,0.143405027759195,2715.0
27.0,1.0,1.0,1.0,1.0,0.41181292916322093,0.4159302682149427,2715.0
27.0,1.0,1.0,1.0,2.0,0.621431344208368,0.6398343296469512,2715.0
27.0,1.0,1.0,1.0,3.0,0.9062553210277677,0.8793721731117575,2715.0
27.0,1.0,1.0,1.0,4.0,1.0,0.9025691146600475,2715.0
27.0,1.0,1.0,1.0,5.0,0.9308180978822723,0.8555679277154512,2715.0
28.0,1.0,1.0,1.0,0.0,0.2989254107847478,0.2231688924615134,2716.0
28.0,1.0,1.0,1.0,1.0,0.6384773344075223,0.49495987059352353,2716.0
28.0,1.0,1.0,1.0,2.0,0.8776128857999235,0.7185464873363488,2716.0
28.0,1.0,1.0,1.0,3.0,0.9510752353946471,0.8079094408543446,2716.0
28.0,1.0,1.0,1.0,4.0,0.8634511843746442,0.7402699478940682,2716.0
28.0,1.0,1.0,1.0,5.0,1.0,0.9672801041603583,2716.0
29.0,1.0,0.0,1.0,0.0,0.21157822114464994,0.18244266788825197,2726.0
29.0,1.0,0.0,1.0,1.0,0.46252947753402684,0.40574901897043025,2726.0
29.0,1.0,0.0,1.0,2.0,0.763525250224929,0.7065907149433387,2726.0
29.0,1.0,0.0,1.0,3.0,1.0,0.9172245052043071,2726.0
29.0,1.0,0.0,1.0,4.0,0.9591842978453624,0.9245852192517473,2726.0
29.0,1.0,0.0,1.0,5.0,0.8101410848317676,0.7655895066187322,2726.0
30.0,1.0,1.0,1.0,0.0,0.3626686789112554,0.25552194077373663,2727.0
30.0,1.0,1.0,1.0,1.0,0.6851883506605694,0.6324682323280755,2727.0
30.0,1.0,1.0,1.0,2.0,0.94486604021721,0.9037561797245418,2727.0
30.0,1.0,1.0,1.0,3.0,1.0,0.7858074179130652,2727.0
30.0,1.0,1.0,1.0,4.0,0.9077302875554103,0.6276367100236395,2727.0
30.0,1.0,1.0,1.0,5.0,0.9450145235277226,0.6240475052517811,2727.0
31.0,2.0,1.0,1.0,0.0,0.2581886688935057,0.1654166594832655,2728.0
31.0,2.0,1.0,1.0,1.0,0.4228183353660131,0.25836809470441346,2728.0
31.0,2.0,1.0,1.0,2.0,0.6948665709897294,0.6171266144949823,2728.0
31.0,2.0,1.0,1.0,3.0,0.984084730608958,0.8260151218293688,2728.0
31.0,2.0,1.0,1.0,4.0,0.9930018112969481,0.9103556769092794,2728.0
31.0,2.0,1.0,1.0,5.0,1.0,0.9526968210967828,2728.0
31.0,1.0,0.0,1.0,0.0,0.22580922261042627,0.26598358661722565,2728.0
31.0,1.0,0.0,1.0,1.0,0.44625657437750177,0.44292425516646555,2728.0
31.0,1.0,0.0,1.0,2.0,0.677461476374218,0.6789947222324593,2728.0
31.0,1.0,0.0,1.0,3.0,0.8700460918140763,0.8130640265975688,2728.0
31.0,1.0,0.0,1.0,4.0,0.9517130229409282,0.8275401321848919,2728.0
31.0,1.0,0.0,1.0,5.0,1.0,0.9193173868622666,2728.0
32.0,1.0,1.0,1.0,0.0,0.2282944076176477,0.09046276936515749,2733.0
32.0,1.0,1.0,1.0,1.0,0.5511873491417253,0.3833956269727788,2733.0
32.0,1.0,1.0,1.0,2.0,0.8165573255231044,0.845871365106368,2733.0
32.0,1.0,1.0,1.0,3.0,1.0,0.9512870034133151,2733.0
32.0,1.0,1.0,1.0,4.0,0.9064846487127651,0.8252771473941629,2733.0
32.0,1.0,1.0,1.0,5.0,0.9147507472540086,0.7138468814951796,2733.0
33.0,1.0,1.0,1.0,0.0,0.30001644897128155,0.19223478854346995,2734.0
33.0,1.0,1.0,1.0,1.0,0.47710986305658903,0.6156126803460154,2734.0
33.0,1.0,1.0,1.0,2.0,0.7931617307854507,0.7593879429516519,2734.0
33.0,1.0,1.0,1.0,3.0,1.0,0.7558879647768131,2734.0
33.0,1.0,1.0,1.0,4.0,0.898229654105305,0.7851992884430472,2734.0
33.0,1.0,1.0,1.0,5.0,0.9295957711367292,0.6869135341791226,2734.0
34.0,1.0,1.0,1.0,0.0,0.39981414888076255,0.27647261550817126,2737.0
34.0,1.0,1.0,1.0,1.0,0.6648863213057975,0.7533875918967683,2737.0
34.0,1.0,1.0,1.0,2.0,0.8996126745620936,0.9120725612900298,2737.0
34.0,1.0,1.0,1.0,3.0,1.0,0.7987127953434681,2737.0
34.0,1.0,1.0,1.0,4.0,0.9834555052812058,0.6491165440695252,2737.0
34.0,1.0,1.0,1.0,5.0,0.6298421600959636,0.9503109894134983,2737.0
35.0,1.0,1.0,1.0,0.0,0.18472265849543987,0.2014173263453616,345202.0
35.0,1.0,1.0,1.0,1.0,0.508050533454945,0.481507811468984,345202.0
35.0,1.0,1.0,1.0,2.0,0.7975167023731051,0.8698834778759563,345202.0
35.0,1.0,1.0,1.0,3.0,0.8634085072495657,0.9297557012655943,345202.0
35.0,1.0,1.0,1.0,4.0,0.9305811885566635,1.0310917035808949,345202.0
35.0,1.0,1.0,1.0,5.0,1.0,1.0738898506482706,345202.0
35.0,2.0,0.0,1.0,0.0,0.2083962918191275,0.1834334448829358,345202.0
35.0,2.0,0.0,1.0,1.0,0.5917586385403744,0.6398159978382574,345202.0
35.0,2.0,0.0,1.0,2.0,0.95521280081969,0.9908015823974728,345202.0
35.0,2.0,0.0,1.0,3.0,0.9759463653188165,1.0396540389104172,345202.0
35.0,2.0,0.0,1.0,4.0,0.9389791622672462,1.0187567616913167,345202.0
35.0,2.0,0.0,1.0,5.0,1.0,1.1018820302938743,345202.0
36.0,1.0,1.0,1.0,0.0,0.33370902501762895,0.3446763903703088,345215.0
36.0,1.0,1.0,1.0,1.0,0.7546083899643212,0.7518522535730532,345215.0
36.0,1.0,1.0,1.0,2.0,0.8030517451420542,1.106476631440165,345215.0
36.0,1.0,1.0,1.0,3.0,1.0,1.4141809937327356,345215.0
36.0,1.0,1.0,1.0,4.0,0.9092531924819672,1.4727446699270088,345215.0
36.0,1.0,1.0,1.0,5.0,0.9942291706543681,1.360514059131649,345215.0
36.0,2.0,0.0,1.0,0.0,0.2940497737124837,0.25313504748218885,345215.0
36.0,2.0,0.0,1.0,1.0,0.5467922897752268,0.5006256170284665,345215.0
36.0,2.0,0.0,1.0,2.0,0.7062372650864841,0.7901584335727839,345215.0
36.0,2.0,0.0,1.0,3.0,0.830466461726808,0.9118151514294792,345215.0
36.0,2.0,0.0,1.0,4.0,0.8733625008005074,0.8613179054366409,345215.0
36.0,2.0,0.0,1.0,5.0,1.0,0.9176450520927819,345215.0
37.0,2.0,0.0,1.0,0.0,0.19575888155977686,0.33190129702963556,345216.0
37.0,2.0,0.0,1.0,1.0,0.3567475207841081,0.5216388767389004,345216.0
37.0,2.0,0.0,1.0,2.0,0.5382126474079746,0.6361304321256631,345216.0
37.0,2.0,0.0,1.0,3.0,0.6228158763461655,0.7087718878390328,345216.0
37.0,2.0,0.0,1.0,4.0,0.7727008256810517,0.8848882125945554,345216.0
37.0,2.0,0.0,1.0,5.0,1.0,1.0498666948233402,345216.0
37.0,1.0,1.0,1.0,0.0,0.24880087166152234,0.19280143732280047,345216.0
37.0,1.0,1.0,1.0,1.0,0.4546144924498515,0.41407947118232896,345216.0
37.0,1.0,1.0,1.0,2.0,0.6370580334558841,0.6244727890674441,345216.0
37.0,1.0,1.0,1.0,3.0,0.7893516776226055,0.8366412072278196,345216.0
37.0,1.0,1.0,1.0,4.0,0.8432625859838807,0.8700252988267452,345216.0
37.0,1.0,1.0,1.0,5.0,1.0,0.9767311683215016,345216.0
